{"time_stamp":1632812563002,"key":"20768206","value":"[{\"id\":20768206,\"version\":1637226006000,\"restId\":74595,\"latLong\":\"28.7014159,77.4187528\",\"cityId\":24,\"name\":\"Plain Curd\",\"restName\":\"Chef Panda\",\"enabled\":true,\"vegIdentifier\":1,\"embeddingsV1\":[-0.03585964813828468,0.3189716339111328,0.19049417972564697,-0.10801633447408676,0.1992761343717575,0.0070131937973201275,0.11709131300449371,0.03898238763213158,-0.020550929009914398,0.05005840212106705,0.096919484436512,-0.04902191460132599,0.035192325711250305,-0.03440681844949722,-0.11120646446943283,-0.16718876361846924,0.018203338608145714,0.1694309115409851,0.20145995914936066,0.039580777287483215,0.2668765187263489,0.22359684109687805,-0.08629634231328964,-0.1393178254365921,-0.1955661177635193,0.07226527482271194,0.08500249683856964,0.06672987341880798,0.1454414576292038,-0.24378500878810883,-0.169459730386734,-0.06245533376932144,-0.20713496208190918,-0.006584195885807276,-0.19276846945285797,-0.01876084692776203,-0.0909586176276207,-0.21681427955627441,-0.04450931400060654,-0.11090729385614395,-0.0037537957541644573,0.11665952950716019,0.19521008431911469,-0.05088762193918228,0.0826578438282013,0.17842406034469604,-0.060140907764434814,0.09751835465431213,-0.09414181858301163,-0.09866154938936234,-0.034853845834732056,-0.00566235464066267,-0.009161989204585552,0.04360874369740486,0.11707611382007599,0.10325776785612106,-0.04117313027381897,-0.09657250344753265,0.012704026885330677,0.08165297657251358,0.00951043888926506,-0.15297262370586395,-0.0725715234875679,0.0011578354751691222],\"isRestEnabled\":false,\"isLongDistanceEnabled\":false}]"}